step,mean_return,upper_return,lower_return,algorithm
10000,-610.1574961344401,-50.89551019221551,-1169.4194820766647,ddpg
20000,-355.2566305796305,-56.08604402883657,-654.4272171304244,ddpg
30000,-274.04317262437604,-54.56907458965992,-493.51727065909216,ddpg
40000,-290.95573139190674,-6.406689761081225,-575.5047730227323,ddpg
50000,-306.8416478474935,-25.2770420130571,-588.4062536819299,ddpg
60000,-416.7541211446126,-128.40455925220397,-705.1036830370213,ddpg
70000,-410.02929142543246,-91.94568596278685,-728.112896888078,ddpg
80000,-408.9667453765869,-88.79289733283485,-729.140593420339,ddpg
90000,-433.5768556053992,-70.76395487984331,-796.3897563309552,ddpg
100000,-392.67725211679937,-1.6452157259508908,-783.7092885076479,ddpg
110000,-325.90925437510015,84.89413454790446,-736.7126432981047,ddpg
120000,-299.8543276935816,153.48163332269814,-753.1902887098613,ddpg
130000,-276.58203155100347,206.04269168524434,-759.2067547872513,ddpg
140000,-248.6714884907007,241.2245210976289,-738.5674980790303,ddpg
150000,-242.02091285288333,289.48836940823963,-773.5301951140063,ddpg
160000,-144.08646867970626,431.38457693239775,-719.5575142918103,ddpg
170000,-75.41112840871017,522.6641397180765,-673.4863965354969,ddpg
180000,-40.72529339691004,571.7887782361194,-653.2393650299394,ddpg
190000,22.420716857910154,612.7372248429671,-567.8957911271467,ddpg
200000,2.9976333618164035,593.8440250772356,-587.8487583536029,ddpg
210000,-4.177664947509768,556.9919500051262,-565.3472799001458,ddpg
220000,-31.076238250732427,526.7608679815694,-588.9133444830343,ddpg
230000,-54.14805348714193,522.4580655010506,-630.7541724753345,ddpg
240000,-97.52204030354818,465.16888378461823,-660.2129643917146,ddpg
250000,-96.67670033772788,447.81887970638184,-641.1722803818376,ddpg
260000,-123.99084930419922,398.71481770034774,-646.6965163087461,ddpg
270000,-203.84009755452476,251.02788975943852,-658.7080848684881,ddpg
280000,-238.60187683105468,186.02012490183736,-663.2238785639468,ddpg
290000,-271.60012232462566,152.1366117768613,-695.3368564261126,ddpg
300000,-257.71842091878256,129.70949115908832,-645.1463329966534,ddpg
310000,-292.6345588684082,91.44762889247062,-676.716746629287,ddpg
320000,-297.17503712972007,70.06934848544728,-664.4194227448875,ddpg
330000,-345.2188260396321,64.76308900094239,-755.2007410802066,ddpg
340000,-338.00914738972983,118.19619725288652,-794.2144920323462,ddpg
350000,-335.8130231221517,127.87231915055276,-799.4983653948561,ddpg
360000,-326.03071823120115,148.64053855985622,-800.7019750222585,ddpg
370000,-300.8900494893392,229.74820076179213,-831.5282997404706,ddpg
380000,-287.5163174947103,311.5607025784077,-886.5933375678283,ddpg
390000,-285.44844563802087,365.7375221001829,-936.6344133762246,ddpg
400000,-292.2676867167155,409.6535434191194,-994.1889168525504,ddpg
410000,-298.95474980672196,450.2114532962583,-1048.1209529097023,ddpg
420000,-322.1665506998698,428.25015628780926,-1072.583257687549,ddpg
430000,-363.74193929036454,317.66087920461035,-1045.1447577853394,ddpg
440000,-384.46522623697916,227.88433326072203,-996.8147857346803,ddpg
450000,-418.8833628336589,158.29667699443587,-996.0634026617537,ddpg
460000,-422.53340861002596,116.67899563300728,-961.7458128530592,ddpg
470000,-415.8087336222331,94.71633149643759,-926.3337987409038,ddpg
480000,-375.51995900472,84.5549539758864,-835.5948719853264,ddpg
490000,-333.3967751820882,37.274211741039096,-704.0677621052155,ddpg
500000,-295.6632134755452,36.4855203268869,-627.8119472779773,ddpg
510000,-236.50266125996905,31.849266100874274,-504.85458862081236,ddpg
520000,-159.059015528361,115.9155472281704,-434.03357828489237,ddpg
530000,-0.034118270874023436,265.2936283596627,-265.3618649014108,ddpg
540000,117.56246376037598,381.28108553323847,-146.15615801248651,ddpg
550000,240.71764055887857,494.2038343322703,-12.768553214513162,ddpg
560000,304.8623742421468,550.0503390003789,59.67440948391476,ddpg
570000,385.20750617980957,607.9158777792185,162.49913458040064,ddpg
580000,436.2842304229736,636.7644026858767,235.80405816007053,ddpg
590000,490.28495305379226,709.6815611986003,270.8883449089842,ddpg
600000,523.9942278544107,705.836564515545,342.15189119327647,ddpg
610000,553.7378575642904,723.1863571420821,384.28935798649866,ddpg
620000,544.8906545003255,729.0887018456192,360.69260715503174,ddpg
630000,522.8711029052733,754.8230528936003,290.9191529169464,ddpg
640000,482.8376395543417,710.7484570667593,254.92682204192408,ddpg
650000,422.6727052688599,722.2012767727938,123.14413376492598,ddpg
660000,372.37902952829995,738.1491141676313,6.608944888968608,ddpg
670000,323.5530019760132,694.5235277591097,-47.417523807083285,ddpg
680000,246.43851070404054,638.9237950982293,-146.04677369014826,ddpg
690000,231.47214209238686,613.9870544161953,-151.04277023142154,ddpg
700000,227.1708715438843,621.8144086990885,-167.47266561132,ddpg
710000,221.8931473414103,621.5125541473968,-177.72625946457626,ddpg
720000,206.70963261922202,609.083583771517,-195.66431853307301,ddpg
730000,191.18535893758138,569.0747541252285,-186.70403625006583,ddpg
740000,146.8423203150431,528.5859349625324,-234.9012943324462,ddpg
750000,167.1666430791219,489.99851985525567,-155.66523369701184,ddpg
760000,189.33408870697022,453.4657644073386,-74.7975869933982,ddpg
770000,204.91749897003174,482.6153785270211,-72.78038058695759,ddpg
780000,228.28588021596275,542.1620031829284,-85.59024275100293,ddpg
790000,209.79293740590415,549.1120921721861,-129.52621736037779,ddpg
800000,191.55022500356037,535.6110796523186,-152.51062964519784,ddpg
810000,193.73106454213462,544.8370899154872,-157.37496083121795,ddpg
820000,193.14559427897137,521.4344737250134,-135.14328516707064,ddpg
830000,218.8746378580729,519.3672607655186,-81.6179850493728,ddpg
840000,279.9833117167155,601.342043952644,-41.37542051921298,ddpg
850000,294.36102905273435,601.851121206975,-13.129063101506233,ddpg
860000,273.3975776672363,621.2933184661799,-74.49816313170732,ddpg
870000,272.99307276407876,617.1331072760103,-71.14696174785274,ddpg
880000,276.70984776814777,598.8707682774682,-45.451072741172595,ddpg
890000,281.23900438944503,589.953900147669,-27.475891368778832,ddpg
900000,305.83459663391113,610.6790902851506,0.9901029826716581,ddpg
910000,327.9032728830973,631.7547792521839,24.051766514010808,ddpg
920000,370.8198042551677,658.5736078726034,83.06600063773203,ddpg
930000,370.33159828186035,662.7101678765968,77.95302868712395,ddpg
940000,417.53316052754724,704.6188696858603,130.4474513692341,ddpg
950000,439.71739768981934,737.5465622737662,141.88823310587247,ddpg
960000,497.7180380503336,738.1589220410322,257.27715405963494,ddpg
970000,548.7539989471436,777.6554799648352,319.852517929452,ddpg
980000,600.3680365244547,808.2014228102377,392.5346502386718,ddpg
990000,639.8974904378256,831.6089819244221,448.18599895122907,ddpg
1000000,651.2981658935547,843.1999304726004,459.39640131450903,ddpg
10000,-204.0549570719401,37.358570176435336,-445.4684843203155,td3
20000,162.6461359659831,435.37811959219135,-110.08584766022517,td3
30000,329.5551537407769,557.5481648067484,101.56214267480533,td3
40000,409.4575436909994,629.4552530424911,189.45983433950764,td3
50000,456.190697224935,693.8749522361229,218.506442213747,td3
60000,498.6360804239909,727.5141966213579,269.7579642266239,td3
70000,515.1461435953777,743.8130938233819,286.4791933673735,td3
80000,545.4530302683512,782.8539754340627,308.0520851026397,td3
90000,551.7243318910952,819.7657084276668,283.6829553545236,td3
100000,575.454372660319,859.481588076844,291.42715724379406,td3
110000,679.7951548258463,971.613568374731,387.97674127696166,td3
120000,731.5709238688152,1017.7433934938953,445.39845424373505,td3
130000,747.6531687418619,1058.007591123302,437.2987463604218,td3
140000,777.110521443685,1107.6158827138559,446.6051601735142,td3
150000,875.4615814208985,1186.6963704435625,564.2267923982345,td3
160000,1001.9926849365235,1347.6928018749313,656.2925679981157,td3
170000,1077.111498006185,1420.716032836237,733.5069631761329,td3
180000,1140.6379994710285,1520.8568131862837,760.4191857557732,td3
190000,1223.8120483398438,1624.1542506583733,823.4698460213145,td3
200000,1308.114851888021,1755.977800969843,860.2519028061989,td3
210000,1453.1789591471356,1916.683719835363,989.6741984589082,td3
220000,1549.5328877766929,2026.9646987989354,1072.1010767544503,td3
230000,1673.625994873047,2142.894306506354,1204.3576832397398,td3
240000,1847.8587219238282,2376.722287372193,1318.9951564754633,td3
250000,1956.360622151693,2580.5747164251607,1332.146527878225,td3
260000,1948.1313517252602,2597.6318354053747,1298.6308680451455,td3
270000,2026.9402709960937,2666.930630485772,1386.9499115064154,td3
280000,2129.1898396809897,2764.9228713359216,1493.4568080260578,td3
290000,2217.8059346516925,2816.7443233045537,1618.8675459988312,td3
300000,2297.477317301432,2869.0548001735006,1725.8998344293634,td3
310000,2305.6555521647138,2980.992435828034,1630.3186685013932,td3
320000,2411.8881774902343,3166.2099248047284,1657.5664301757402,td3
330000,2473.9290303548178,3346.136338165924,1601.7217225437114,td3
340000,2478.8053283691406,3334.060232400828,1623.550424337453,td3
350000,2513.1324117024737,3388.3908603011087,1637.8739631038388,td3
360000,2553.335339355469,3443.799341413951,1662.8713372969871,td3
370000,2587.8938232421874,3567.4895246979913,1608.2981217863835,td3
380000,2581.0621256510412,3544.5978130780377,1617.5264382240448,td3
390000,2647.5803100585936,3703.2988758331157,1591.8617442840714,td3
400000,2679.588814290365,3713.7602299028727,1645.4173986778574,td3
410000,2688.5492553710938,3650.724282968373,1726.3742277738147,td3
420000,2703.015474446615,3669.609522843947,1736.4214260492824,td3
430000,2733.8417521158854,3649.039741910283,1818.6437623214877,td3
440000,2785.2584228515625,3752.3922762814823,1818.1245694216427,td3
450000,2745.9347981770834,3608.649422624102,1883.2201737300647,td3
460000,2815.5273315429686,3673.5274798492733,1957.5271832366639,td3
470000,2884.5776529947916,3782.5143267061158,1986.6409792834672,td3
480000,2978.12421875,3978.0066981603627,1978.2417393396377,td3
490000,3008.313289388021,4007.1407240900257,2009.4858546860164,td3
500000,3077.1984130859373,4155.329122138157,1999.0677040337177,td3
510000,3175.6796142578123,4301.963869251379,2049.3953592642456,td3
520000,3187.9802001953126,4308.735321976428,2067.2250784141966,td3
530000,3226.335367838542,4386.82957526353,2065.8411604135536,td3
540000,3211.2119222005213,4302.134831603765,2120.289012797278,td3
550000,3246.5398030598963,4443.094622420609,2049.984983699184,td3
560000,3219.994034830729,4344.1281606049415,2095.859909056517,td3
570000,3193.1937052408853,4218.99018130122,2167.3972291805503,td3
580000,3197.640576171875,4194.9273411542845,2200.3538111894654,td3
590000,3220.0119384765626,4229.141842717937,2210.8820342351883,td3
600000,3200.2453369140626,4223.504061891268,2176.9866119368576,td3
610000,3186.716023763021,4208.782452034469,2164.6495954915727,td3
620000,3209.0426432291665,4236.432159653596,2181.6531268047374,td3
630000,3226.8714111328127,4256.467888294933,2197.2749339706925,td3
640000,3263.154679361979,4313.814378394394,2212.4949803295635,td3
650000,3285.385050455729,4336.08130583967,2234.6887950717883,td3
660000,3377.8484700520835,4567.829727368271,2187.867212735896,td3
670000,3420.08779296875,4645.464848880063,2194.7107370574367,td3
680000,3413.1933675130203,4652.34304406899,2174.0436909570503,td3
690000,3384.006876627604,4543.62240237922,2224.3913508759883,td3
700000,3431.946134440104,4591.64410924289,2272.248159637317,td3
710000,3461.2665120442703,4625.392949086662,2297.1400750018784,td3
720000,3468.3532470703126,4639.623809280411,2297.0826848602146,td3
730000,3412.72880859375,4495.82536588006,2329.632251307439,td3
740000,3384.09853515625,4467.117899170508,2301.0791711419915,td3
750000,3384.890218098958,4402.794823926312,2366.9856122716037,td3
760000,3211.924740600586,4208.650018283087,2215.1994629180854,td3
770000,3061.959849039714,4178.736160463997,1945.1835376154304,td3
780000,2917.980650838216,4073.9056419574044,1762.0556597190282,td3
790000,2814.2430979410806,3969.227691792179,1659.2585040899824,td3
800000,2728.3695953369142,3820.9488077722435,1635.7903829015847,td3
810000,2694.9287831624347,3822.6375498306043,1567.220016494265,td3
820000,2660.8820790608725,3754.7738518190467,1566.9903063026982,td3
830000,2740.175487263997,3921.830018941483,1558.5209555865113,td3
840000,2743.8088083902994,4032.9541777026934,1454.6634390779057,td3
850000,2766.875182088216,4144.525995603839,1389.224368572593,td3
860000,2918.974920654297,4326.4653751633505,1511.4844661452435,td3
870000,3104.7960133870442,4450.128557385636,1759.463469388453,td3
880000,3166.1445027669274,4444.957621641153,1887.3313838927015,td3
890000,3303.614111328125,4661.333537389815,1945.8946852664349,td3
900000,3383.02421875,4825.050948631091,1940.9974888689082,td3
910000,3348.77587890625,4664.7430049690865,2032.808752843414,td3
920000,3346.4845703125,4721.532264100815,1971.4368765241848,td3
930000,3343.1859700520836,4700.263680527303,1986.1082595768635,td3
940000,3348.887056477865,4654.785986868775,2042.9881260869552,td3
950000,3341.9677612304686,4616.120137939289,2067.8153845216484,td3
960000,3349.2785034179688,4648.808823535509,2049.7481833004285,td3
970000,3370.412951660156,4660.389202763904,2080.436700556408,td3
980000,3501.4995361328124,4829.403768891277,2173.595303374348,td3
990000,3532.494254557292,4848.781442225446,2216.2070668891383,td3
1000000,3556.7420084635414,4860.38297280166,2253.101044125423,td3
4000,-127.54089101155598,-90.0386511444775,-165.04313087863449,ppo
8000,-116.54818979899088,-80.12903035048414,-152.96734924749762,ppo
12000,-155.36084832085504,-95.41417347874145,-215.30752316296864,ppo
16000,-148.71798197428387,-90.47483895289375,-206.961124995674,ppo
20000,-142.8578872680664,-86.76838370973175,-198.94739082640106,ppo
24000,-141.49065314398874,-87.36040744114874,-195.62089884682874,ppo
28000,-135.56961568196616,-82.99676032045818,-188.14247104347413,ppo
32000,-140.11262925465903,-80.30785499370242,-199.91740351561563,ppo
36000,-135.69310280128764,-81.16574195104988,-190.2204636515254,ppo
40000,-131.47867863972982,-79.5480931935613,-183.40926408589834,ppo
44000,-126.00473556518554,-77.15901898560956,-174.8504521447615,ppo
48000,-127.0483362833659,-78.07005811499043,-176.02661445174135,ppo
52000,-113.86837895711263,-73.78528828846618,-153.95146962575907,ppo
56000,-112.03661473592122,-74.54552282395372,-149.52770664788872,ppo
60000,-111.56792068481445,-74.84728371066512,-148.28855765896378,ppo
64000,-107.47594655354817,-73.76942302077904,-141.1824700863173,ppo
68000,-109.27833048502605,-75.53499779986652,-143.02166317018558,ppo
72000,-102.60911254882812,-77.27242796797105,-127.94579712968519,ppo
76000,-109.07559865315757,-75.77937088809526,-142.37182641821988,ppo
80000,-113.39701614379882,-78.48123985369777,-148.31279243389986,ppo
84000,-115.7810287475586,-80.31865130421542,-151.24340619090177,ppo
88000,-116.00418866475422,-77.85610867817205,-154.15226865133639,ppo
92000,-117.54832229614257,-75.90074302333166,-159.1959015689535,ppo
96000,-117.36322402954102,-72.36302976164482,-162.3634182974372,ppo
100000,-118.17711893717447,-70.4590737268017,-165.89516414754723,ppo
104000,-116.62278391520181,-68.40841180182184,-164.83715602858177,ppo
108000,-114.06725591023762,-69.66245918718764,-158.4720526332876,ppo
112000,-112.33491185506186,-66.93608218921426,-157.73374152090946,ppo
116000,-105.17556279500324,-65.9085225701818,-144.44260301982467,ppo
120000,-101.0561731974284,-62.89083013901453,-139.22151625584226,ppo
124000,-104.3959129333496,-55.75750747722759,-153.03431838947162,ppo
128000,-101.05339698791504,-58.19718262276758,-143.9096113530625,ppo
132000,-98.5370885213216,-57.754533390642464,-139.31964365200076,ppo
136000,-96.94244486490885,-59.06700866003778,-134.81788106977993,ppo
140000,-94.06004486083984,-60.930442274183235,-127.18964744749644,ppo
144000,-95.45150299072266,-61.77461487537919,-129.12839110606612,ppo
148000,-95.52627995808919,-60.55379742113036,-130.49876249504803,ppo
152000,-95.41970138549804,-61.43680970845548,-129.4025930625406,ppo
156000,-94.26804542541504,-60.4028671923505,-128.13322365847958,ppo
160000,-95.51328722635904,-61.21995418289257,-129.80662026982552,ppo
164000,-89.33570124308268,-65.26653979972242,-113.40486268644294,ppo
168000,-88.14938608805339,-62.00418658130625,-114.29458559480054,ppo
172000,-87.1775001525879,-63.3171978597416,-111.0378024454342,ppo
176000,-84.92593053181966,-63.75139736110223,-106.1004637025371,ppo
180000,-88.32694727579754,-63.265326842652456,-113.38856770894262,ppo
184000,-86.1076665242513,-63.247885466163886,-108.9674475823387,ppo
188000,-84.15909576416016,-58.80952244866522,-109.50866907965509,ppo
192000,-85.82761789957682,-60.56530974345954,-111.08992605569411,ppo
196000,-84.46508229573568,-61.38953890169074,-107.54062568978063,ppo
200000,-81.34199968973796,-57.54874947333735,-105.13524990613857,ppo
204000,-81.29683621724448,-57.47096010953956,-105.12271232494939,ppo
208000,-80.09816983540853,-56.594062678126036,-103.60227699269102,ppo
212000,-79.51022478739421,-54.2003318705025,-104.8201177042859,ppo
216000,-80.71719462076823,-53.99984649457125,-107.4345427469652,ppo
220000,-77.38446629842122,-53.38302494600439,-101.38590765083805,ppo
224000,-79.24401868184408,-50.994205734598204,-107.49383162908995,ppo
228000,-82.2685095469157,-57.36850740777176,-107.16851168605963,ppo
232000,-84.87987683614095,-61.77993682735932,-107.97981684492258,ppo
236000,-84.55306739807129,-61.069144377307076,-108.0369904188355,ppo
240000,-86.84535140991211,-63.39455795697961,-110.29614486284461,ppo
244000,-87.39379742940267,-63.688828897223246,-111.09876596158209,ppo
248000,-90.44639561971027,-64.28887061159651,-116.60392062782404,ppo
252000,-90.65700925191244,-63.61738677683424,-117.69663172699065,ppo
256000,-93.56519215901693,-65.738535762297,-121.39184855573686,ppo
260000,-90.04589932759603,-63.90092627580483,-116.19087237938723,ppo
264000,-89.1974941253662,-64.45985118492811,-113.9351370658043,ppo
268000,-87.59489606221516,-59.934467252558576,-115.25532487187174,ppo
272000,-84.11627133687338,-54.58027459967266,-113.6522680740741,ppo
276000,-91.61306126912436,-52.863282225124145,-130.36284031312456,ppo
280000,-87.52959098815919,-51.772149704936325,-123.28703227138205,ppo
284000,-91.79304237365723,-52.55067590763247,-131.035408839682,ppo
288000,-90.31263376871746,-55.47844103383974,-125.14682650359518,ppo
292000,-90.38937365214029,-58.265838238602385,-122.5129090656782,ppo
296000,-85.6828177134196,-51.97726008425204,-119.38837534258715,ppo
300000,-88.30245971679688,-49.40330085640124,-127.2016185771925,ppo
304000,-90.21948560078938,-51.08705824262872,-129.35191295895004,ppo
308000,-90.08083788553874,-52.1642211924304,-127.99745457864708,ppo
312000,-88.21686363220215,-52.6240810576446,-123.8096462067597,ppo
316000,-86.21155840555826,-56.700161884055056,-115.72295492706147,ppo
320000,-90.05880139668781,-55.867936454453634,-124.249666338922,ppo
324000,-85.85846265157065,-55.391935187651114,-116.32499011549018,ppo
328000,-84.89602038065593,-54.64684042349477,-115.14520033781707,ppo
332000,-84.93695335388183,-53.19388541980591,-116.68002128795776,ppo
336000,-88.02158342997234,-59.55006851597987,-116.4930983439648,ppo
340000,-89.71480420430501,-66.61680567293381,-112.81280273567621,ppo
344000,-91.37035814921062,-68.86031682405293,-113.8803994743683,ppo
348000,-90.12137591044107,-67.77002891514961,-112.47272290573254,ppo
352000,-90.62185147603353,-67.16111477392414,-114.08258817814291,ppo
356000,-85.76593500773113,-64.85806596185223,-106.67380405361003,ppo
360000,-82.83813781738282,-66.74238934409331,-98.93388629067232,ppo
364000,-86.34563700358072,-68.76614602504281,-103.92512798211862,ppo
368000,-90.94525705973307,-69.41567510211287,-112.47483901735326,ppo
372000,-93.8062983194987,-68.83775761005566,-118.77483902894173,ppo
376000,-92.13486124674479,-66.21414836900672,-118.05557412448286,ppo
380000,-98.45220108032227,-65.16365033854962,-131.74075182209492,ppo
384000,-93.13726145426432,-59.438382810861214,-126.83614009766742,ppo
388000,-91.2516009012858,-58.76323296701175,-123.73996883555984,ppo
392000,-92.26991297403973,-57.93988479851198,-126.59994114956747,ppo
396000,-95.93350741068522,-59.20690760181893,-132.66010721955152,ppo
400000,-100.98999125162761,-59.31444785250001,-142.6655346507552,ppo
404000,-97.80003852844239,-57.65309141910881,-137.94698563777595,ppo
408000,-93.85708986918132,-54.62797356601597,-133.0862061723467,ppo
412000,-93.85369606018067,-58.05419014837336,-129.65320197198798,ppo
416000,-97.21134605407715,-60.52031310361481,-133.9023790045395,ppo
420000,-89.80593045552571,-59.34874689094161,-120.26311402010981,ppo
424000,-91.85389874776205,-60.2163903587567,-123.49140713676739,ppo
428000,-93.88989041646322,-61.64543650308345,-126.13434432984297,ppo
432000,-92.42277501424152,-60.459725867788094,-124.38582416069495,ppo
436000,-92.13397750854492,-59.27662081378442,-124.99133420330541,ppo
440000,-91.15915247599284,-62.49247212424216,-119.82583282774351,ppo
444000,-89.59003740946453,-60.752706402095015,-118.42736841683404,ppo
448000,-90.00089556376139,-60.537585261350465,-119.4642058661723,ppo
452000,-86.23037020365398,-57.484019635080735,-114.97672077222722,ppo
456000,-85.60928217569987,-53.28290024329551,-117.93566410810425,ppo
460000,-84.13302434285482,-52.33090165667221,-115.93514702903744,ppo
464000,-83.90056292215982,-54.43613236851056,-113.36499347580909,ppo
468000,-83.78786900838216,-54.95441614253255,-112.62132187423177,ppo
472000,-83.73851381937664,-56.08082484034842,-111.39620279840486,ppo
476000,-83.07898139953613,-57.94956453334541,-108.20839826572686,ppo
480000,-79.87288703918458,-56.42665959514208,-103.31911448322708,ppo
484000,-82.25882161458333,-56.4486784389836,-108.06896479018306,ppo
488000,-89.60354614257812,-63.633463063753496,-115.57362922140275,ppo
492000,-87.6564084370931,-61.24077017188856,-114.07204670229765,ppo
496000,-84.6775629679362,-63.285811644696324,-106.06931429117607,ppo
500000,-84.55095748901367,-62.11389693178216,-106.98801804624517,ppo
504000,-86.78628120422363,-60.93464125895695,-112.6379211494903,ppo
508000,-87.18295122782389,-58.69920354103859,-115.66669891460919,ppo
512000,-87.4497038523356,-60.45756771149863,-114.44183999317258,ppo
516000,-86.20562032063802,-57.1006656189944,-115.31057502228164,ppo
520000,-86.22357991536458,-55.26717357295023,-117.17998625777894,ppo
524000,-86.75156211853029,-56.809625838763566,-116.69349839829701,ppo
528000,-84.50725415547689,-47.652804138602924,-121.36170417235084,ppo
532000,-85.38978881835938,-48.87955414731245,-121.90002348940631,ppo
536000,-83.39803301493326,-47.423187260491524,-119.372878769375,ppo
540000,-81.14754765828451,-47.23977371003085,-115.05532160653817,ppo
544000,-76.58874575297038,-45.70684472422862,-107.47064678171215,ppo
548000,-79.99889628092448,-46.23026981901756,-113.7675227428314,ppo
552000,-77.18023618062338,-42.21456081852467,-112.1459115427221,ppo
556000,-76.43401069641114,-42.6342934497024,-110.23372794311987,ppo
560000,-77.55693957010905,-40.645629388817895,-114.46824975140021,ppo
564000,-74.41148668924967,-39.603803070371626,-109.21917030812772,ppo
568000,-69.97753537495932,-41.58776476492222,-98.36730598499642,ppo
572000,-71.37190678914388,-43.459430871146594,-99.28438270714116,ppo
576000,-75.14529113769531,-41.545061119148656,-108.74552115624196,ppo
580000,-78.27321230570475,-40.47040477276218,-116.07601983864731,ppo
584000,-80.94207255045572,-45.36350640506553,-116.52063869584592,ppo
588000,-77.59046872456868,-47.33674094652386,-107.8441965026135,ppo
592000,-79.78869921366373,-47.34729123617665,-112.23010719115081,ppo
596000,-76.61601130167642,-46.19924558900757,-107.03277701434527,ppo
600000,-73.69747378031414,-47.013039714611764,-100.38190784601652,ppo
604000,-75.26078592936197,-46.14569134764605,-104.3758805110779,ppo
608000,-71.82574812571207,-45.03256160618186,-98.61893464524228,ppo
612000,-72.94727764129638,-44.777616492454065,-101.1169387901387,ppo
616000,-73.14365342458089,-48.431618619004524,-97.85568823015726,ppo
620000,-72.20481624603272,-49.9064678665606,-94.50316462550484,ppo
624000,-77.08755067189534,-51.036334019463595,-103.13876732432709,ppo
628000,-76.85877806345623,-48.95599485626742,-104.76156127064505,ppo
632000,-77.29251499176026,-51.2663353437778,-103.31869463974272,ppo
636000,-79.21283855438233,-53.48581479573153,-104.93986231303313,ppo
640000,-78.73385575612386,-53.105390045684,-104.36232146656371,ppo
644000,-80.99800510406494,-53.53644270045194,-108.45956750767795,ppo
648000,-81.09568735758464,-53.911306159946584,-108.2800685552227,ppo
652000,-84.08019065856934,-54.33824963005709,-113.82213168708158,ppo
656000,-85.22775382995606,-56.01000799579461,-114.4454996641175,ppo
660000,-88.16998430887858,-55.96575980660962,-120.37420881114755,ppo
664000,-82.39168281555176,-50.94562035796048,-113.83774527314304,ppo
668000,-80.73381741841635,-48.805210167620935,-112.66242466921176,ppo
672000,-81.93091328938803,-48.22519170525173,-115.63663487352433,ppo
676000,-85.52793375651041,-47.52403874835499,-123.53182876466582,ppo
680000,-88.9475227355957,-46.20964417240358,-131.6854012987878,ppo
684000,-87.38178914388021,-47.0910669650784,-127.67251132268203,ppo
688000,-88.10765991210937,-48.8103859907947,-127.40493383342404,ppo
692000,-81.92580909729004,-46.668621023408406,-117.18299717117168,ppo
696000,-79.52706807454426,-42.72890741274101,-116.32522873634751,ppo
700000,-75.88294703165691,-44.02430880539933,-107.7415852579145,ppo
704000,-76.52203216552735,-45.91792399857981,-107.12614033247489,ppo
708000,-77.79968325297037,-49.381140191353765,-106.21822631458697,ppo
712000,-74.84458020528157,-48.39940987167513,-101.28975053888801,ppo
716000,-72.94916648864746,-49.08873625549523,-96.80959672179969,ppo
720000,-70.35452715555826,-52.48915329934762,-88.2199010117689,ppo
724000,-68.6650831858317,-50.62424581329603,-86.70592055836738,ppo
728000,-71.87479311625162,-51.73629676064412,-92.01328947185912,ppo
732000,-72.25687739054362,-52.7815450812654,-91.73220969982185,ppo
736000,-70.23168830871582,-53.895677196390885,-86.56769942104074,ppo
740000,-72.04404563903809,-53.77980951956027,-90.3082817585159,ppo
744000,-70.2379379272461,-52.51537232238198,-87.96050353211021,ppo
748000,-66.98456834157308,-50.00372425531884,-83.96541242782732,ppo
752000,-65.66279576619466,-48.26780162859523,-83.05778990379409,ppo
756000,-63.779390843709315,-48.4396298465614,-79.11915184085723,ppo
760000,-64.58867645263672,-47.29713142606067,-81.88022147921276,ppo
764000,-65.92902654012045,-49.641973800798354,-82.21607927944254,ppo
768000,-64.28480593363444,-48.61048627208351,-79.95912559518538,ppo
772000,-65.08220507303875,-47.618540585726166,-82.54586956035133,ppo
776000,-65.34956715901693,-47.09971868774172,-83.59941563029213,ppo
780000,-65.88401540120442,-48.08762458277405,-83.68040621963479,ppo
784000,-63.72506739298503,-44.56842170871673,-82.88171307725334,ppo
788000,-65.60122152964274,-46.055371035276245,-85.14707202400925,ppo
792000,-65.98989512125652,-47.37341511328574,-84.6063751292273,ppo
796000,-66.66289761861165,-44.22197128865081,-89.10382394857248,ppo
800000,-64.69182097117107,-41.86660892243043,-87.51703301991171,ppo
804000,-66.33615449269612,-39.37970357269807,-93.29260541269417,ppo
808000,-67.54759858449299,-39.20025266123119,-95.89494450775479,ppo
812000,-66.87404041290283,-40.145679224994765,-93.6024016008109,ppo
816000,-66.28788585662842,-38.87314398879127,-93.70262772446557,ppo
820000,-64.03881537119547,-36.020450035530615,-92.05718070686032,ppo
824000,-66.62137126922607,-37.64108344311869,-95.60165909533346,ppo
828000,-67.29634990692139,-39.00286520836223,-95.58983460548055,ppo
832000,-66.1245107014974,-38.331129185727946,-93.91789221726685,ppo
836000,-67.61636301676432,-41.51882926914996,-93.71389676437869,ppo
840000,-69.21289660135905,-41.98211502079985,-96.44367818191824,ppo
844000,-64.1485652287801,-41.29513775317593,-87.00199270438426,ppo
848000,-65.61479180653889,-43.39919282040785,-87.83039079266993,ppo
852000,-66.32759176890055,-41.31084617643065,-91.34433736137044,ppo
856000,-67.37791233062744,-40.54514499515656,-94.21067966609832,ppo
860000,-65.3140484491984,-40.118345569373304,-90.50975132902349,ppo
864000,-65.60422140757242,-40.34500283791398,-90.86343997723087,ppo
868000,-64.87147375742595,-37.82118582691482,-91.92176168793708,ppo
872000,-66.09593022664389,-38.58971084237973,-93.60214961090804,ppo
876000,-67.24939206441243,-39.085415290051344,-95.41336883877352,ppo
880000,-66.28575712839762,-40.937430824633786,-91.63408343216145,ppo
884000,-68.92001190185547,-42.936660088525215,-94.90336371518573,ppo
888000,-63.7661211013794,-39.11768784045266,-88.41455436230613,ppo
892000,-62.78400452931722,-40.495981131026085,-85.07202792760836,ppo
896000,-64.93516228993734,-43.53655387044878,-86.33377070942589,ppo
900000,-70.14685509999593,-45.92880288583025,-94.36490731416161,ppo
904000,-70.00124683380128,-47.789443662850246,-92.2130500047523,ppo
908000,-69.49979260762532,-47.644714474443035,-91.35487074080761,ppo
912000,-71.01478652954101,-49.24118844530655,-92.78838461377548,ppo
916000,-67.63481051127116,-47.81437584437471,-87.4552451781676,ppo
920000,-67.82152468363445,-47.74013454658093,-87.90291482068797,ppo
924000,-66.85632527669271,-48.40909373712487,-85.30355681626057,ppo
928000,-69.48695138295491,-49.49780175303445,-89.47610101287538,ppo
932000,-67.85177593231201,-47.9047333979951,-87.79881846662892,ppo
936000,-66.79813340504964,-47.34625255502917,-86.25001425507011,ppo
940000,-64.04713662465413,-46.116131030592584,-81.97814221871567,ppo
944000,-63.25395933787028,-46.81415701759636,-79.6937616581442,ppo
948000,-63.871119817097984,-47.37225355000167,-80.3699860841943,ppo
952000,-70.58618812561035,-46.888886942486494,-94.2834893087342,ppo
956000,-71.10762379964193,-45.65555588550442,-96.55969171377944,ppo
960000,-75.4105229695638,-45.28101054154454,-105.54003539758307,ppo
964000,-76.55457000732422,-43.609133558533095,-109.50000645611533,ppo
968000,-77.63847618103027,-46.938278013063346,-108.33867434899719,ppo
972000,-79.05459022521973,-49.23925171361067,-108.86992873682878,ppo
976000,-76.37851155598959,-46.1114769336906,-106.64554617828858,ppo
980000,-74.92163937886556,-45.206277157106804,-104.63700160062433,ppo
984000,-76.98850555419922,-42.46145212206076,-111.51555898633768,ppo
988000,-77.26035041809082,-41.79955068981479,-112.72115014636685,ppo
992000,-69.12722244262696,-39.7108818472505,-98.54356303800341,ppo
996000,-69.82588475545246,-39.78936202781164,-99.86240748309328,ppo
1000000,-72.24946543375651,-46.9657955335916,-97.53313533392142,ppo
4000,-127.54089101155598,-90.0386511444775,-165.04313087863449,trpo
8000,-131.20875612894693,-79.3095909154089,-183.10792134248496,trpo
12000,-119.98282157050238,-73.1320498566183,-166.83359328438647,trpo
16000,-128.04036045074463,-88.05522476595144,-168.02549613553782,trpo
20000,-128.10542424519855,-83.41586870099044,-172.79497978940665,trpo
24000,-131.51041094462076,-81.36255251197198,-181.65826937726953,trpo
28000,-130.27541769118537,-83.93450561620449,-176.61632976616625,trpo
32000,-131.47039397557575,-87.93086636359158,-175.00992158755992,trpo
36000,-138.3433599118833,-91.46230226267548,-185.22441756109114,trpo
40000,-137.49925727844237,-86.87137183365131,-188.12714272323342,trpo
44000,-137.3500525156657,-86.30318489538315,-188.39692013594828,trpo
48000,-134.92209434509277,-85.26173922974499,-184.58244946044056,trpo
52000,-138.78901659647624,-89.00478246688381,-188.5732507260687,trpo
56000,-139.44500211079915,-84.3883059211596,-194.5016983004387,trpo
60000,-138.91606051127116,-85.52769927974558,-192.30442174279673,trpo
64000,-135.4339650472005,-84.46022060829036,-186.40770948611066,trpo
68000,-134.56943461100258,-83.34983004955446,-185.7890391724507,trpo
72000,-134.23193359375,-81.1735918330825,-187.2902753544175,trpo
76000,-126.99191869099934,-76.755473472165,-177.2283639098337,trpo
80000,-126.6062843322754,-80.81385047425778,-172.398718190293,trpo
84000,-124.66810531616211,-77.70858122882777,-171.62762940349646,trpo
88000,-124.71908187866211,-77.02561589045004,-172.41254786687418,trpo
92000,-120.89293518066407,-73.59352246979506,-168.19234789153307,trpo
96000,-115.09921213785807,-72.2484987291907,-157.94992554652544,trpo
100000,-111.82042719523113,-72.5495388231219,-151.09131556734036,trpo
104000,-109.84713325500488,-73.03671486946347,-146.65755164054627,trpo
108000,-113.19271736145019,-76.28978188213051,-150.09565284076987,trpo
112000,-107.87356936136882,-74.8714283202371,-140.87571040250054,trpo
116000,-109.2807788848877,-71.87552396486358,-146.6860338049118,trpo
120000,-109.56734453837075,-72.76780975549954,-146.36687932124195,trpo
124000,-107.80527458190917,-75.71731860226258,-139.89323056155575,trpo
128000,-108.89467875162761,-80.35864205581065,-137.43071544744458,trpo
132000,-109.8329475402832,-79.6933617222908,-139.9725333582756,trpo
136000,-108.45437622070312,-77.75576464019781,-139.15298780120844,trpo
140000,-108.62697703043618,-77.4714234598242,-139.78253060104817,trpo
144000,-110.5449203491211,-77.5086444125351,-143.5811962857071,trpo
148000,-105.89605356852215,-75.13716754305591,-136.6549395939884,trpo
152000,-107.52292378743489,-75.07784739469142,-139.96800018017836,trpo
156000,-104.47934595743814,-79.28453464398928,-129.674157270887,trpo
160000,-100.47534739176432,-76.63162564609611,-124.31906913743252,trpo
164000,-98.67322082519533,-74.60482828229523,-122.74161336809543,trpo
168000,-96.7187733968099,-72.22210191667092,-121.21544487694887,trpo
172000,-94.76532936096193,-73.06102373696334,-116.46963498496052,trpo
176000,-95.98500887552898,-74.13830878672682,-117.83170896433113,trpo
180000,-95.87958081563315,-74.0154043391847,-117.7437572920816,trpo
184000,-93.90674082438152,-71.61332354011992,-116.20015810864311,trpo
188000,-94.20138003031413,-65.79444381984366,-122.60831624078459,trpo
192000,-95.70318717956543,-66.35886263008507,-125.0475117290458,trpo
196000,-95.08008995056153,-64.85716642145258,-125.30301347967048,trpo
200000,-96.52493426005046,-65.48289119505698,-127.56697732504394,trpo
204000,-96.35662574768067,-64.80907363753826,-127.90417785782307,trpo
208000,-98.97586758931479,-67.39969021622537,-130.5520449624042,trpo
212000,-99.2565808614095,-68.42472526960074,-130.08843645321826,trpo
216000,-99.57014923095703,-68.61411843957885,-130.5261800223352,trpo
220000,-101.75128504435222,-69.90741771269823,-133.5951523760062,trpo
224000,-99.99302991231282,-70.4727948565401,-129.51326496808554,trpo
228000,-100.79033711751302,-73.79818404294089,-127.78249019208515,trpo
232000,-97.99354298909506,-72.35877941967546,-123.62830655851467,trpo
236000,-100.73168818155924,-76.53235199183524,-124.93102437128323,trpo
240000,-97.14674072265625,-74.7701466032496,-119.5233348420629,trpo
244000,-99.27042973836262,-75.93153436792633,-122.60932510879891,trpo
248000,-94.24373016357421,-71.60253016047439,-116.88493016667404,trpo
252000,-95.35900192260742,-72.55630779649184,-118.161696048723,trpo
256000,-93.92588806152344,-72.08001711302907,-115.7717590100178,trpo
260000,-91.1456069946289,-69.41542697314752,-112.8757870161103,trpo
264000,-94.22836380004883,-71.02085471110206,-117.43587288899559,trpo
268000,-95.48099924723307,-72.19642653501322,-118.76557195945293,trpo
272000,-98.03582712809245,-71.62477196988205,-124.44688228630285,trpo
276000,-94.31475448608398,-68.6424157949224,-119.98709317724557,trpo
280000,-97.29705810546875,-71.0373877637112,-123.5567284472263,trpo
284000,-99.1468365987142,-70.7700557426291,-127.52361745479931,trpo
288000,-102.89316253662109,-70.81883409362763,-134.96749097961455,trpo
292000,-105.05647176106773,-72.48019875996533,-137.63274476217012,trpo
296000,-105.1071563720703,-72.25927096013132,-137.9550417840093,trpo
300000,-104.46665662129719,-71.20421309524423,-137.72910014735015,trpo
304000,-103.99270566304526,-70.33371473407585,-137.65169659201467,trpo
308000,-97.88523165384927,-66.99071040926482,-128.77975289843374,trpo
312000,-93.25706850687664,-64.99963384040113,-121.51450317335214,trpo
316000,-92.90866826375326,-59.75348695024553,-126.06384957726098,trpo
320000,-90.65824127197266,-57.424510889740304,-123.89197165420501,trpo
324000,-88.02083371480306,-56.04458762954517,-119.99707980006096,trpo
328000,-84.13020744323731,-57.257772429431455,-111.00264245704317,trpo
332000,-79.80947837829589,-53.3671943959846,-106.25176236060719,trpo
336000,-78.04574635823568,-53.50695880593072,-102.58453391054063,trpo
340000,-76.80630963643391,-54.931837512406986,-98.68078176046083,trpo
344000,-73.73991775512695,-52.30030060714253,-95.17953490311137,trpo
348000,-74.91116205851237,-53.21247170416591,-96.60985241285884,trpo
352000,-77.4270253499349,-56.17544956696381,-98.67860113290598,trpo
356000,-76.83326161702475,-55.579844463629634,-98.08667877041987,trpo
360000,-76.72349726359049,-55.65800735965641,-97.78898716752457,trpo
364000,-74.88131052652994,-56.05417649874768,-93.70844455431221,trpo
368000,-75.1194341023763,-55.58781177372939,-94.65105643102322,trpo
372000,-77.8079355875651,-58.81553044628147,-96.80034072884872,trpo
376000,-84.98155886332194,-55.883698950542524,-114.07941877610135,trpo
380000,-86.2049410502116,-52.99566707480308,-119.41421502562012,trpo
384000,-88.20096460978189,-56.492100644517556,-119.90982857504622,trpo
388000,-88.48429489135742,-57.12277864179159,-119.84581114092325,trpo
392000,-87.88658498128255,-56.05853666035162,-119.71463330221349,trpo
396000,-91.45144437154133,-61.50685650999034,-121.39603223309231,trpo
400000,-90.13396542867025,-61.06419447236463,-119.20373638497587,trpo
404000,-92.67642771402994,-61.33564662367057,-124.01720880438931,trpo
408000,-92.16794471740722,-59.88077272116622,-124.45511671364824,trpo
412000,-89.03592694600424,-55.33989528404057,-122.7319586079679,trpo
416000,-86.27697766621908,-59.87488268426192,-112.67907264817624,trpo
420000,-86.92026557922364,-62.2249235575301,-111.61560760091717,trpo
424000,-88.23628336588543,-62.830659734269105,-113.64190699750175,trpo
428000,-88.31943753560384,-61.81277631521921,-114.82609875598847,trpo
432000,-90.93411382039388,-60.30334543239451,-121.56488220839324,trpo
436000,-88.7058038075765,-57.022314014007556,-120.38929360114545,trpo
440000,-90.70635363260905,-58.918985219498225,-122.49372204571988,trpo
444000,-90.89497553507488,-59.424239931039864,-122.36571113910989,trpo
448000,-89.36961936950684,-59.13757137137195,-119.60166736764172,trpo
452000,-93.29586499532063,-62.796480681677025,-123.79524930896423,trpo
456000,-90.50449180603027,-61.86722154504706,-119.14176206701349,trpo
460000,-91.29901275634765,-62.858929012090286,-119.73909650060502,trpo
464000,-88.32150548299153,-60.13975115330526,-116.50325981267778,trpo
468000,-87.25177942911785,-60.15651295410534,-114.34704590413035,trpo
472000,-80.52151730855306,-57.76625198071942,-103.2767826363867,trpo
476000,-80.65859285990396,-59.06799289590379,-102.24919282390414,trpo
480000,-82.14873123168945,-57.93333545831099,-106.36412700506791,trpo
484000,-85.69735094706218,-60.15966278574297,-111.23503910838139,trpo
488000,-86.4115592956543,-60.58635677685211,-112.23676181445649,trpo
492000,-83.5600341796875,-59.40900703222942,-107.71106132714559,trpo
496000,-84.05222829182944,-61.2122204529028,-106.89223613075607,trpo
500000,-81.95351829528809,-60.222663643829094,-103.68437294674709,trpo
504000,-80.8825023651123,-61.16119809404442,-100.60380663618018,trpo
508000,-86.783722559611,-62.81635476610073,-110.75109035312126,trpo
512000,-90.19913063049316,-66.7132077380251,-113.68505352296121,trpo
516000,-88.0901922861735,-64.14539901420574,-112.03498555814127,trpo
520000,-86.88524436950684,-62.88419570153101,-110.88629303748266,trpo
524000,-79.77592010498047,-59.076112044867514,-100.47572816509343,trpo
528000,-81.37157135009765,-60.15031115070003,-102.59283154949529,trpo
532000,-79.58261795043946,-58.538595307220916,-100.626640593658,trpo
536000,-80.53630345662435,-59.39394787413669,-101.678659039112,trpo
540000,-80.95121269226074,-60.05734218873131,-101.84508319579017,trpo
544000,-80.50347366333008,-59.89587919480619,-101.11106813185398,trpo
548000,-73.78218154907226,-57.16671510915011,-90.39764798899441,trpo
552000,-72.12462552388509,-55.01610814032788,-89.2331429074423,trpo
556000,-71.46757011413574,-57.09709803282718,-85.83804219544429,trpo
560000,-69.88013814290363,-56.18418755959916,-83.5760887262081,trpo
564000,-72.54311879475911,-55.35005651434757,-89.73618107517065,trpo
568000,-72.67948862711589,-55.703960859523356,-89.65501639470841,trpo
572000,-76.13408788045248,-55.06183764320471,-97.20633811770026,trpo
576000,-77.34588406880697,-49.96919901396222,-104.72256912365171,trpo
580000,-77.0223373413086,-48.28585071787883,-105.75882396473837,trpo
584000,-80.6979523976644,-48.273979029323755,-113.12192576600503,trpo
588000,-81.27993507385254,-48.26646367425113,-114.29340647345396,trpo
592000,-83.61200180053712,-48.31597812387637,-118.90802547719787,trpo
596000,-86.88534317016601,-48.131669304382385,-125.63901703594964,trpo
600000,-87.52333984375,-49.9701791608167,-125.07650052668329,trpo
604000,-85.95528602600098,-51.81966973156994,-120.09090232043201,trpo
608000,-89.57961095174154,-50.21195151388838,-128.9472703895947,trpo
612000,-88.50101013183594,-50.36117574754201,-126.64084451612987,trpo
616000,-85.13118387858073,-50.12776140103657,-120.13460635612489,trpo
620000,-84.83647193908692,-50.739013254529695,-118.93393062364414,trpo
624000,-84.21575024922689,-49.287564660566005,-119.14393583788777,trpo
628000,-85.5629285176595,-51.41356841461762,-119.71228862070137,trpo
632000,-86.22082316080729,-53.196279280586126,-119.24536704102844,trpo
636000,-83.71498120625813,-52.341728790760094,-115.08823362175616,trpo
640000,-83.79952697753906,-52.44434264519563,-115.15471130988249,trpo
644000,-87.43496856689453,-54.56906136551558,-120.30087576827347,trpo
648000,-82.09322153727213,-54.37598372117051,-109.81045935337374,trpo
652000,-80.54000371297201,-54.737774670852644,-106.34223275509137,trpo
656000,-77.81368509928384,-55.022159201056795,-100.6052109975109,trpo
660000,-81.27938461303711,-57.29775953534904,-105.26100969072519,trpo
664000,-83.8041508992513,-64.30559523716823,-103.30270656133436,trpo
668000,-84.75101420084636,-62.597602220679555,-106.90442618101315,trpo
672000,-84.22319145202637,-63.167375458129285,-105.27900744592345,trpo
676000,-84.62423032124838,-64.52971846085747,-104.71874218163929,trpo
680000,-86.98742345174153,-65.62071842379467,-108.3541284796884,trpo
684000,-88.68743057250977,-62.38941500915172,-114.98544613586782,trpo
688000,-89.8569231669108,-64.16018227080225,-115.55366406301935,trpo
692000,-93.05643335978189,-63.6180047497815,-122.49486196978228,trpo
696000,-95.69469820658367,-64.12474556222796,-127.26465085093938,trpo
700000,-91.50262807210285,-60.60846418109329,-122.3967919631124,trpo
704000,-87.5607521057129,-56.39282246228042,-118.72868174914537,trpo
708000,-89.2558464050293,-58.03028591125023,-120.48140689880837,trpo
712000,-88.61351839701335,-57.96516366982297,-119.26187312420373,trpo
716000,-90.52402992248535,-57.152163021644526,-123.89589682332618,trpo
720000,-88.90102322896323,-56.31162261643724,-121.49042384148922,trpo
724000,-85.07543309529622,-55.8213328328075,-114.32953335778494,trpo
728000,-85.81549402872722,-54.00625688785901,-117.62473116959542,trpo
732000,-80.38829523722332,-51.12437221489848,-109.65221825954816,trpo
736000,-81.41657282511393,-53.3484456653413,-109.48469998488656,trpo
740000,-83.57780736287435,-51.94604161755203,-115.20957310819668,trpo
744000,-81.67448081970215,-50.364130270808154,-112.98483136859616,trpo
748000,-77.04111595153809,-48.251710018645575,-105.8305218844306,trpo
752000,-81.06789716084798,-48.53100398516414,-113.6047903365318,trpo
756000,-78.22993469238281,-48.59666678132208,-107.86320260344354,trpo
760000,-78.2350435892741,-49.921851284004056,-106.54823589454415,trpo
764000,-76.35755653381348,-50.85454085350428,-101.86057221412267,trpo
768000,-77.25178108215331,-52.03026768655483,-102.47329447775181,trpo
772000,-79.6337397257487,-53.975518062426445,-105.29196138907095,trpo
776000,-79.75382067362469,-52.64732563915076,-106.86031570809863,trpo
780000,-78.95460306803386,-54.33879742691865,-103.57040870914906,trpo
784000,-80.87132250467936,-55.17730867710674,-106.56533633225197,trpo
788000,-82.12177658081055,-56.86259879314087,-107.38095436848022,trpo
792000,-74.68929901123047,-54.380621278621085,-94.99797674383987,trpo
796000,-74.59472986857097,-54.176630518090576,-95.01282921905135,trpo
800000,-74.56945470174153,-51.91014198876538,-97.22876741471768,trpo
804000,-73.72126795450846,-50.65003999038301,-96.79249591863392,trpo
808000,-70.79359944661459,-49.89756004880701,-91.68963884442218,trpo
812000,-68.0725638071696,-50.08348439280315,-86.06164322153606,trpo
816000,-65.76101722717286,-50.26962164493632,-81.25241280940939,trpo
820000,-66.105513381958,-51.458847801303534,-80.75217896261248,trpo
824000,-65.7482510884603,-51.77031485173203,-79.72618732518855,trpo
828000,-65.7407190958659,-51.679905285560565,-79.80153290617123,trpo
832000,-68.99230944315593,-51.55782487307513,-86.42679401323673,trpo
836000,-68.43748677571614,-51.52639611525023,-85.34857743618204,trpo
840000,-66.88513844807943,-51.838181780124884,-81.93209511603398,trpo
844000,-70.81213251749674,-55.4459148939827,-86.17835014101077,trpo
848000,-69.93005205790202,-55.79333794580956,-84.06676616999448,trpo
852000,-72.92229639689127,-56.953607131256966,-88.89098566252558,trpo
856000,-72.95646464029947,-55.38387173804965,-90.5290575425493,trpo
860000,-75.9347957611084,-53.397603539853,-98.4719879823638,trpo
864000,-73.37458686828613,-50.31189716917833,-96.43727656739392,trpo
868000,-76.35686264038085,-49.1089994649792,-103.6047258157825,trpo
872000,-75.32222468058268,-48.749583655158474,-101.89486570600688,trpo
876000,-83.49573974609375,-48.08179927890892,-118.90968021327858,trpo
880000,-86.60047963460286,-48.71691391938527,-124.48404534982046,trpo
884000,-83.34052861531576,-46.54613765368663,-120.1349195769449,trpo
888000,-84.09091186523438,-46.97773417950768,-121.20408955096107,trpo
892000,-87.51133613586425,-48.953394134045325,-126.06927813768318,trpo
896000,-86.86560122172037,-49.8424189876465,-123.88878345579424,trpo
900000,-83.36780815124511,-51.25579946493631,-115.47981683755393,trpo
904000,-83.70584208170573,-51.433284213784674,-115.97839994962678,trpo
908000,-79.41961199442545,-50.42809348846548,-108.41113050038543,trpo
912000,-78.60311075846354,-50.89420079509224,-106.31202072183484,trpo
916000,-73.71216252644857,-55.30415895000999,-92.12016610288714,trpo
920000,-71.67310638427735,-54.68711782426402,-88.65909494429067,trpo
924000,-77.98609008789063,-57.536524510123385,-98.43565566565788,trpo
928000,-80.0032585144043,-56.47635868841019,-103.5301583403984,trpo
932000,-74.49152310689291,-52.126787744887,-96.85625846889883,trpo
936000,-80.32917823791504,-52.654909653970975,-108.00344682185911,trpo
940000,-79.76552124023438,-53.37237714386251,-106.15866533660625,trpo
944000,-83.15119603474935,-57.1095303079494,-109.1928617615493,trpo
948000,-87.12991587320963,-59.974474101637426,-114.28535764478183,trpo
952000,-88.38588644663494,-58.330551592993174,-118.44122130027671,trpo
956000,-84.39421456654867,-54.545215398906855,-114.24321373419048,trpo
960000,-82.4737527211507,-52.28964873667964,-112.65785670562177,trpo
964000,-77.2462340037028,-48.16690201407414,-106.32556599333145,trpo
968000,-75.76216837565104,-47.818059893091615,-103.70627685821047,trpo
972000,-75.48999710083008,-49.17789304024088,-101.80210116141927,trpo
976000,-70.55153414408366,-49.07914296212297,-92.02392532604435,trpo
980000,-68.3498483022054,-46.81844804302508,-89.88124856138572,trpo
984000,-65.68944244384765,-44.9306354379753,-86.44824944972001,trpo
988000,-61.56806195576986,-43.76022641071898,-79.37589750082074,trpo
992000,-60.86606502532959,-46.500657866230405,-75.23147218442878,trpo
996000,-63.462874794006346,-47.5642171385142,-79.3615324494985,trpo
1000000,-65.63518931070965,-46.281646373206804,-84.9887322482125,trpo
4000,-127.54089101155598,-90.0386511444775,-165.04313087863449,vpg
8000,-110.45680745442708,-70.57009114090815,-150.343523767946,vpg
12000,-111.07482740614148,-69.0819600481544,-153.06769476412856,vpg
16000,-120.81088765462239,-80.87982124424727,-160.74195406499751,vpg
20000,-119.69510294596353,-74.87328302263217,-164.5169228692949,vpg
24000,-124.23751068115234,-74.01799382294254,-174.45702753936214,vpg
28000,-122.01488095238095,-75.84335550192498,-168.18640640283692,vpg
32000,-119.10332870483398,-75.3220548881153,-162.88460252155267,vpg
36000,-121.2666690967701,-77.5727744469101,-164.9605637466301,vpg
40000,-120.40016301472981,-78.58410877258095,-162.21621725687868,vpg
44000,-116.21017913818359,-76.25215684777477,-156.1682014285924,vpg
48000,-118.92944285074869,-79.4538673861948,-158.40501831530258,vpg
52000,-122.86051127115884,-78.5681931711287,-167.152829371189,vpg
56000,-119.57749099731446,-77.14054473410485,-162.01443726052406,vpg
60000,-130.15779368082684,-82.68544772251812,-177.63013963913556,vpg
64000,-129.72012634277343,-85.12306220787553,-174.31719047767132,vpg
68000,-131.44381968180338,-84.45934026964524,-178.42829909396153,vpg
72000,-135.34318873087562,-84.04711924127963,-186.63925822047162,vpg
76000,-136.18342768351238,-82.21262400729806,-190.15423135972668,vpg
80000,-138.6054402669271,-85.2747193998733,-191.9361611339809,vpg
84000,-139.68209164937338,-85.13942638421291,-194.22475691453383,vpg
88000,-137.65383440653483,-83.59159555845169,-191.71607325461798,vpg
92000,-136.12815081278484,-86.69288538090525,-185.56341624466444,vpg
96000,-135.8507595062256,-86.23743947524382,-185.46407953720734,vpg
100000,-125.01844927469888,-82.83253296390461,-167.20436558549315,vpg
104000,-122.04726702372231,-83.57511172398455,-160.51942232346008,vpg
108000,-120.70363731384278,-82.62495259429947,-158.7823220333861,vpg
112000,-120.85974642435708,-87.3972847436924,-154.3222081050218,vpg
116000,-117.28629201253254,-85.78277632612131,-148.78980769894378,vpg
120000,-113.99989814758298,-80.07565890147882,-147.92413739368715,vpg
124000,-117.67836863199871,-84.3773895176472,-150.97934774635021,vpg
128000,-117.02028554280598,-86.26314337339677,-147.77742771221517,vpg
132000,-120.60165532430013,-89.02619638583523,-152.17711426276503,vpg
136000,-119.27049713134765,-86.90808662987396,-151.63290763282134,vpg
140000,-118.42899678548179,-88.0163896662963,-148.84160390466727,vpg
144000,-118.18757756551108,-84.23087541425033,-152.14427971677182,vpg
148000,-117.5409169514974,-84.9401715428487,-150.14166236014609,vpg
152000,-118.14187749226888,-87.00512643008372,-149.27862855445403,vpg
156000,-120.12809244791667,-87.06804581393891,-153.18813908189443,vpg
160000,-119.25384178161622,-89.34329282216007,-149.16439074107237,vpg
164000,-115.25782229105633,-83.3396524275879,-147.17599215452475,vpg
168000,-119.17006746927898,-84.5683343931705,-153.77180054538746,vpg
172000,-114.91431198120117,-79.72383233477564,-150.1047916276267,vpg
176000,-114.93399480183919,-81.51632632917878,-148.3516632744996,vpg
180000,-113.89736277262368,-79.17866389124342,-148.61606165400394,vpg
184000,-111.87770652770996,-78.33864136392295,-145.416771691497,vpg
188000,-111.17474301656087,-76.71587057889913,-145.6336154542226,vpg
192000,-108.31103248596192,-73.21054878008907,-143.41151619183478,vpg
196000,-105.8146916707357,-77.13517400298258,-134.49420933848882,vpg
200000,-104.7083740234375,-75.84811019899088,-133.56863784788413,vpg
204000,-105.41990763346355,-77.65146803024734,-133.18834723667976,vpg
208000,-102.60211690266928,-76.03828894946986,-129.1659448558687,vpg
212000,-100.76952171325684,-74.27619176281067,-127.262851663703,vpg
216000,-99.07457262674967,-71.25939595640175,-126.8897492970976,vpg
220000,-102.39349403381348,-70.23559817608044,-134.55138989154653,vpg
224000,-107.52583465576171,-74.75310881482798,-140.29856049669544,vpg
228000,-114.38242111206054,-76.03358446340093,-152.73125776072015,vpg
232000,-113.2681229909261,-70.97774255443139,-155.55850342742082,vpg
236000,-113.6933577219645,-69.55443984144478,-157.83227560248423,vpg
240000,-113.37169710795085,-68.13055855679926,-158.61283565910244,vpg
244000,-112.0853951772054,-68.9529471169368,-155.217843237474,vpg
248000,-109.05246035257976,-66.71032002526638,-151.39460067989313,vpg
252000,-106.87456270853679,-67.43135352421899,-146.31777189285458,vpg
256000,-106.26388092041016,-66.7756340724396,-145.75212776838072,vpg
260000,-102.46627451578777,-67.45920989562093,-137.47333913595463,vpg
264000,-97.19061266581218,-61.97607869736787,-132.40514663425648,vpg
268000,-91.63347409566244,-63.406275988323216,-119.86067220300166,vpg
272000,-89.52542851765949,-65.50735739533641,-113.54349963998257,vpg
276000,-91.17322820027668,-67.36489612484505,-114.98156027570832,vpg
280000,-94.75151189168295,-69.69892975375156,-119.80409402961435,vpg
284000,-93.96263478597005,-67.72362753207861,-120.2016420398615,vpg
288000,-99.01854629516602,-71.76705647233248,-126.27003611799955,vpg
292000,-100.85850982666015,-72.70192000756796,-129.01509964575234,vpg
296000,-101.726309076945,-73.34656424808523,-130.10605390580477,vpg
300000,-99.76828702290854,-74.20585565716331,-125.33071838865376,vpg
304000,-98.93623860677083,-76.9410979517089,-120.93137926183276,vpg
308000,-100.4711196899414,-77.86045286724563,-123.08178651263718,vpg
312000,-100.84617513020834,-76.3884300492954,-125.30392021112128,vpg
316000,-99.19679260253906,-73.66692012768382,-124.7266650773943,vpg
320000,-99.18064956665039,-75.20763990102326,-123.15365923227752,vpg
324000,-101.7668462117513,-75.8859688155232,-127.6477236079794,vpg
328000,-96.75132853190105,-73.02835556469745,-120.47430149910466,vpg
332000,-97.6853261311849,-74.36824542933729,-121.0024068330325,vpg
336000,-96.04743461608886,-73.40804012852102,-118.6868291036567,vpg
340000,-96.25912640889484,-71.37059747543566,-121.14765534235403,vpg
344000,-98.96108512878418,-70.79230004620308,-127.12987021136527,vpg
348000,-94.31597811381023,-68.00388915574969,-120.62806707187077,vpg
352000,-93.98583005269367,-69.56915147409525,-118.4025086312921,vpg
356000,-94.68530006408692,-71.89321005396617,-117.47739007420766,vpg
360000,-90.54032007853189,-67.2926554011633,-113.78798475590048,vpg
364000,-91.55825881958008,-70.41561580786592,-112.70090183129423,vpg
368000,-92.04880587259927,-67.72632457780011,-116.37128716739844,vpg
372000,-97.05090421040853,-72.02598971679956,-122.07581870401751,vpg
376000,-96.26548779805502,-72.15485302300851,-120.37612257310153,vpg
380000,-98.81693433125812,-74.04427395682599,-123.58959470569026,vpg
384000,-98.25726458231608,-72.68295333951198,-123.83157582512018,vpg
388000,-97.94397163391113,-72.46075491144109,-123.42718835638118,vpg
392000,-96.10957717895508,-70.61367919346685,-121.6054751644433,vpg
396000,-92.81914240519207,-67.3635925214949,-118.27469228888924,vpg
400000,-95.19176139831544,-69.04903124759566,-121.3344915490352,vpg
404000,-92.4571999867757,-67.883957905241,-117.0304420683104,vpg
408000,-91.40581537882488,-69.83074952206783,-112.98088123558193,vpg
412000,-81.83791592915853,-63.370337241610805,-100.30549461670626,vpg
416000,-83.05979690551757,-64.06994969249982,-102.04964411853533,vpg
420000,-81.13253046671551,-62.56745642053072,-99.6976045129003,vpg
424000,-79.82956212361653,-64.32554076121143,-95.33358348602162,vpg
428000,-81.0357042948405,-64.64774245463006,-97.42366613505094,vpg
432000,-83.54267209370931,-66.0831303295391,-101.00221385787952,vpg
436000,-84.8951986948649,-66.2428450330802,-103.5475523566496,vpg
440000,-88.05715929667156,-64.13742128230457,-111.97689731103854,vpg
444000,-87.19464085896809,-62.020412037585245,-112.36886968035093,vpg
448000,-90.08150863647461,-62.114836360301,-118.04818091264822,vpg
452000,-91.40393613179523,-62.86470144643895,-119.94317081715153,vpg
456000,-97.91918296813965,-63.16523185823267,-132.67313407804664,vpg
460000,-100.24394391377766,-64.42905124326577,-136.05883658428954,vpg
464000,-104.40218925476074,-61.81761715930343,-146.98676135021805,vpg
468000,-105.92671902974446,-61.972681664169166,-149.88075639531976,vpg
472000,-102.91326484680175,-60.28446348544771,-145.5420662081558,vpg
476000,-100.21080792744954,-58.28622230959256,-142.1353935453065,vpg
480000,-98.80073305765788,-64.01419983691956,-133.5872662783962,vpg
484000,-101.4971928914388,-65.4486779035224,-137.5457078793552,vpg
488000,-99.90918807983398,-65.00259071279334,-134.81578544687463,vpg
492000,-100.71077601114908,-66.01389502913506,-135.4076569931631,vpg
496000,-95.25746485392253,-65.83850660108817,-124.67642310675689,vpg
500000,-93.16770680745444,-62.96183553622715,-123.37357807868173,vpg
504000,-92.62927424112956,-59.65042058386367,-125.60812789839545,vpg
508000,-92.47840270996093,-59.046465699348964,-125.91033972057289,vpg
512000,-95.00747375488281,-60.77487523714327,-129.24007227262234,vpg
516000,-96.48846028645833,-62.7798447019362,-130.19707587098048,vpg
520000,-93.5667739868164,-60.22068084854117,-126.91286712509162,vpg
524000,-89.21510276794433,-57.34890361169837,-121.08130192419029,vpg
528000,-87.96279017130534,-56.29045306076522,-119.63512728184546,vpg
532000,-84.77693023681641,-53.97302305180115,-115.58083742183167,vpg
536000,-82.69333813985189,-51.85631681820692,-113.53035946149686,vpg
540000,-84.06772855122884,-54.90905439769767,-113.22640270476,vpg
544000,-81.17896563212076,-60.47380678224999,-101.88412448199153,vpg
548000,-80.1960302988688,-61.125907125870775,-99.26615347186683,vpg
552000,-78.11832593282062,-60.76926726824639,-95.46738459739487,vpg
556000,-77.95999412536621,-60.0545586546336,-95.8654295960988,vpg
560000,-75.14386583964031,-57.587315439110625,-92.70041624017,vpg
564000,-74.82355639139811,-58.016628256925046,-91.63048452587118,vpg
568000,-77.27464688618979,-58.89063958580036,-95.65865418657921,vpg
572000,-79.934316889445,-61.37837424601864,-98.49025953287136,vpg
576000,-78.43127848307292,-61.164304233185895,-95.69825273295993,vpg
580000,-76.83408686319987,-61.726813597070255,-91.9413601293295,vpg
584000,-84.17412745157877,-69.0345766189653,-99.31367828419224,vpg
588000,-81.91763292948406,-66.19173580060286,-97.64353005836526,vpg
592000,-82.78270823160808,-65.81057093438999,-99.75484552882618,vpg
596000,-82.40126190185546,-65.95731156609602,-98.8452122376149,vpg
600000,-83.15815391540528,-66.8418225592371,-99.47448527157346,vpg
604000,-84.07409083048502,-68.52500367992106,-99.62317798104898,vpg
608000,-82.30997581481934,-68.23811613876964,-96.38183549086904,vpg
612000,-80.79565327962239,-65.2372606813642,-96.35404587788057,vpg
616000,-82.83857192993165,-66.4513356856717,-99.2258081741916,vpg
620000,-82.85684928894042,-64.60889697115027,-101.10480160673058,vpg
624000,-72.95590426127117,-55.97775007855263,-89.93405844398971,vpg
628000,-76.93965199788411,-61.30533425189809,-92.57396974387014,vpg
632000,-76.36553738911947,-60.58031578161881,-92.15075899662013,vpg
636000,-75.60838864644369,-59.98620750402156,-91.23056978886582,vpg
640000,-74.01822700500489,-57.69971804407447,-90.3367359659353,vpg
644000,-74.60340423583985,-56.4909102101604,-92.7158982615193,vpg
648000,-75.45746002197265,-57.75577859849843,-93.15914144544686,vpg
652000,-79.43099683125814,-57.26247493434749,-101.59951872816879,vpg
656000,-82.26364046732586,-58.43866749034093,-106.08861344431078,vpg
660000,-82.172572072347,-59.70793823571418,-104.63720590897981,vpg
664000,-82.55738525390625,-58.75885438826755,-106.35591611954494,vpg
668000,-79.30502942403157,-53.91199263908705,-104.69806620897609,vpg
672000,-79.93024965922038,-52.29241151417595,-107.5680878042648,vpg
676000,-82.43084348042805,-53.90419215012447,-110.95749481073163,vpg
680000,-84.91859690348306,-57.085802255580354,-112.75139155138578,vpg
684000,-85.22591145833334,-55.68675383822818,-114.7650690784385,vpg
688000,-84.54327583312988,-52.83147151560466,-116.2550801506551,vpg
692000,-83.04268074035645,-55.5025195534185,-110.5828419272944,vpg
696000,-82.91740811665854,-56.771279382587366,-109.0635368507297,vpg
700000,-84.81662381490072,-56.56234385767202,-113.07090377212943,vpg
704000,-83.74177157084148,-57.063038340060345,-110.42050480162261,vpg
708000,-84.34772313435873,-57.91979726706515,-110.77564900165231,vpg
712000,-83.77471783955892,-60.53615529228496,-107.01328038683288,vpg
716000,-82.52082023620605,-58.55376177026424,-106.48787870214787,vpg
720000,-81.68710009256998,-57.35925956626613,-106.01494061887382,vpg
724000,-80.33732757568359,-58.72975347975809,-101.94490167160909,vpg
728000,-86.57402509053549,-61.00879868158176,-112.1392514994892,vpg
732000,-82.57241401672363,-58.86015337145125,-106.28467466199601,vpg
736000,-80.57607040405273,-55.899990108887806,-105.25215069921765,vpg
740000,-77.11554730733235,-54.52153391167205,-99.70956070299265,vpg
744000,-78.37561175028483,-54.005249713863854,-102.7459737867058,vpg
748000,-79.06931953430175,-54.030525878907675,-104.10811318969584,vpg
752000,-80.90609436035156,-53.27939120402275,-108.53279751668038,vpg
756000,-80.8433359781901,-51.082490806473466,-110.60418114990674,vpg
760000,-79.50362879435222,-49.74916953399298,-109.25808805471146,vpg
764000,-81.73484624226887,-49.713698509542056,-113.75599397499569,vpg
768000,-72.71451377868652,-47.95849176186931,-97.47053579550374,vpg
772000,-74.04779141743977,-48.07689307179049,-100.01868976308904,vpg
776000,-71.38046048482259,-47.7898880726036,-94.97103289704158,vpg
780000,-73.10774421691895,-48.39766438688126,-97.81782404695663,vpg
784000,-71.41820157368979,-48.98289545913403,-93.85350768824554,vpg
788000,-68.99107475280762,-48.002344745694494,-89.97980475992074,vpg
792000,-69.39809188842773,-47.672031919167146,-91.1241518576883,vpg
796000,-72.40672505696615,-50.0072883728674,-94.8061617410649,vpg
800000,-74.3163569132487,-49.59039240092307,-99.04232142557433,vpg
804000,-72.85813827514649,-49.96542949112026,-95.75084705917271,vpg
808000,-75.60722618103027,-50.767042127653575,-100.44741023440696,vpg
812000,-74.69842770894368,-49.419670962485995,-99.97718445540137,vpg
816000,-75.68391838073731,-50.59179712078242,-100.7760396406922,vpg
820000,-73.80693499247234,-50.02230320340701,-97.59156678153767,vpg
824000,-78.65250816345215,-52.1153577567439,-105.18965857016042,vpg
828000,-79.7768928527832,-50.032796689941044,-109.52098901562536,vpg
832000,-79.36084124247233,-49.23626177375925,-109.48542071118541,vpg
836000,-72.22923215230306,-46.92941495192362,-97.52904935268249,vpg
840000,-71.10825220743814,-47.44832231131636,-94.76818210355992,vpg
844000,-68.6254690806071,-44.95199173641506,-92.29894642479914,vpg
848000,-69.48175926208496,-47.244775992867815,-91.71874253130211,vpg
852000,-72.63577397664388,-49.10859632582539,-96.16295162746236,vpg
856000,-72.96360753377279,-48.864903947452596,-97.06231112009297,vpg
860000,-75.30929807027181,-50.972230017238445,-99.64636612330517,vpg
864000,-73.58991114298502,-49.90374381143855,-97.27607847453149,vpg
868000,-73.95180969238281,-52.21433258259575,-95.68928680216987,vpg
872000,-71.48592046101888,-53.02373248547178,-89.94810843656597,vpg
876000,-75.61374918619791,-56.09610679618695,-95.13139157620887,vpg
880000,-74.71198348999023,-56.26322730196994,-93.16073967801051,vpg
884000,-78.47855707804362,-55.350209569265395,-101.60690458682186,vpg
888000,-75.50072504679363,-52.28627950602718,-98.7151705875601,vpg
892000,-74.50641593933105,-53.01396077461069,-95.9988711040514,vpg
896000,-74.05210851033529,-51.236521178016616,-96.86769584265396,vpg
900000,-72.37766571044922,-48.982290534113616,-95.77304088678483,vpg
904000,-70.15239194234212,-46.183507332671944,-94.12127655201229,vpg
908000,-69.75367889404296,-48.08802992140643,-91.4193278666795,vpg
912000,-69.79318593343099,-48.677083135238746,-90.90928873162323,vpg
916000,-70.63626149495443,-48.07017533203903,-93.20234765786982,vpg
920000,-72.95064811706543,-46.91198136964426,-98.9893148644866,vpg
924000,-70.9365473429362,-50.525796252960895,-91.34729843291149,vpg
928000,-72.33078842163086,-51.85235472879771,-92.809222114464,vpg
932000,-71.25911839803061,-52.30674258273575,-90.21149421332547,vpg
936000,-80.38794123331705,-57.19460765398914,-103.58127481264496,vpg
940000,-79.60837834676107,-57.7750221026523,-101.44173459086984,vpg
944000,-80.10517514546713,-59.40872867471714,-100.80162161621712,vpg
948000,-80.28244794209799,-59.25626763487725,-101.30862824931873,vpg
952000,-80.88422991434733,-59.22378913959477,-102.54467068909989,vpg
956000,-78.82994232177734,-55.255486650703,-102.40439799285167,vpg
960000,-80.29021759033203,-59.74811238246009,-100.83232279820398,vpg
964000,-80.12963282267252,-58.148809511711306,-102.11045613363373,vpg
968000,-79.74318809509278,-57.62657408447686,-101.8598021057087,vpg
972000,-84.61633427937826,-55.989825071884006,-113.24284348687252,vpg
976000,-77.60047645568848,-53.453466651446774,-101.74748625993018,vpg
980000,-82.19007733662923,-51.420854657687464,-112.95930001557099,vpg
984000,-81.14629033406575,-50.491170313386995,-111.80141035474452,vpg
988000,-81.629709370931,-51.07063921404813,-112.18877952781386,vpg
992000,-81.75495147705078,-51.145307667426295,-112.36459528667527,vpg
996000,-83.18049329121908,-54.7312596201664,-111.62972696227176,vpg
1000000,-80.70870679219564,-51.777962353832784,-109.6394512305585,vpg
